central_tendency_measure,column_data_type,column_index,column_length,column_name,correlation,distribution,generator_name,parameters,rule,table_id,table_name,index,table_parameters
NULL,varchar,1,11,persona_id,NULL,NULL,SequencialGenerator,"{"start": 1, "prefix": ""}",NULL,1,Persona,1,NULL
NULL,varchar,2,11,gender,NULL,choice,ListGenerator,"{"a": ["male", "female"], "p": [0.6, 0.4]}",NULL,1,Persona,2,NULL
NULL,varchar,3,11,age,NULL,choice,BucketSeriesGenerator,"{"a": ["13,30", "30,40", "40,50", "50,60"], "p": [0.3, 0.2, 0.2, 0.3]}",NULL,1,Persona,3,NULL
NULL,varchar,4,11,minor_major,NULL,NULL,DependentColumnGenerator,"{"choices": ["major", "minor"], "conditions": "[(age >= 18) | (age < 18)]", "dependent_column": ["age"]}",NULL,1,Persona,6,NULL
NULL,varchar,1,11,person_id,NULL,NULL,SequencialGenerator,"{"start": 1, "prefix": ""}",NULL,2,Person,7,NULL
NULL,varchar,2,11,person_type,NULL,NULL,ConstantGenerator,"{"value": 1}",NULL,2,Person,8,NULL
NULL,varchar,3,11,forenames,NULL,NULL,FakerGenerator,"{"method": "surname"}",NULL,2,Person,9,NULL
NULL,varchar,4,11,middlename,NULL,NULL,FakerGenerator,"{"method": "name"}",NULL,2,Person,10,NULL
NULL,varchar,5,11,lastname,NULL,NULL,FakerGenerator,"{"method": "last_name"}",NULL,2,Person,11,NULL
NULL,varchar,1,11,account_id,NULL,NULL,SequencialGenerator,"{"start": 1000, "prefix": "", "max_length": 5}",NULL,4,Account,12,"{"type": "ACTIVITY"}"
NULL,varchar,6,11,age,NULL,NULL,ColumnPicker,"{"table_name": "Persona", "select_column_name": "age"}",NULL,2,Person,14,NULL
NULL,varchar,2,11,person_id,NULL,NULL,ColumnPicker,"{"table_name": "Person", "select_column_name": "person_id"}",NULL,4,Account,15,"{"type": "PARTICULARS", "visible": "Y"}"
NULL,varchar,3,11,age,NULL,NULL,ColumnPicker,"{"table_name": "Person", "select_column_name": "age"}",NULL,4,Account,16,"{"type": "PARTICULARS"}"
NULL,varchar,7,11,gender,NULL,NULL,ColumnPicker,"{"table_name": "Persona", "select_column_name": "gender"}",NULL,2,Person,19,NULL
NULL,varchar,4,11,gender,NULL,NULL,ColumnPicker,"{"table_name": "Person", "select_column_name": "gender"}",NULL,4,Account,20,"{"type": "PARTICULARS"}"
NULL,varchar,10,11,product_name,NULL,NULL,DependentColumnGenerator,"{"choices": ["Catch them Young Savings Account", "(Salary Saving Account,Personal Loan Account,Credit Card )", "(Salary Account,Car Loan Account)", "(Savings Account,Current Account)"], "conditions": "[(age < 18) | (age >= 18) & (age <= 30) & (gender  == 'male')  | (age >= 18) & (age <= 30) & (gender  == 'female') | (age > 30)  ]", "dependent_column": ["age", "gender"]}",NULL,4,Account,21,"{"type": "PARTICULARS", "visible": "Y"}"
NULL,varchar,1,11,account_id,NULL,NULL,ColumnPicker,"{"table_name": "Account", "select_column_name": "account_id"}",NULL,5,Transaction,22,"{"type": "PARTICULARS", "visible": "Y", "counter_party": "Y"}"
NULL,varchar,2,11,transaction_id,NULL,NULL,SequencialGenerator,"{"start": 100000001, "prefix": "", "max_length": 10}",NULL,5,Transaction,23,"{"type": "ACTIVITY"}"
NULL,varchar,3,11,transaction_reference,NULL,NULL,SequencialGenerator,"{"start": 666000001, "prefix": "", "max_length": 10}",NULL,5,Transaction,24,"{"type": "ACTIVITY"}"
NULL,varchar,4,11,bank_id,NULL,NULL,ConstantGenerator,"{"value": 1001}",NULL,5,Transaction,25,"{"type": "ACTIVITY"}"
NULL,varchar,5,11,product_name,NULL,NULL,ColumnPicker,"{"table_name": "Account", "select_column_name": "product_name"}",NULL,5,Transaction,26,"{"type": "PARTICULARS"}"
NULL,varchar,6,11,transactions,NULL,NULL,DependentColumnGenerator,"{"choices": ["(Cash Deposit,Cheque Deposit)", "(Salary Credit,Utility bill payments,Transfer money to family,Cash Withdrawal)", "(Loan Disbursement,Repay Personal Loan,Pre Pay Personal Loan)", "(Online shopping,Pay at store,Credit card payment)", "(Salary Credit,Cash withdrawal,Online shopping,Utility bill payments)", "(Pay Car Loan installment,Pre pay car loan)", "(Cash deposit,Cash withdrawal)", "(Pay by Cheque,Deposit Cheque,Cash withdrawal,Cash deposit)"], "conditions": "[(product_name =='Catch them Young Savings Account') |  (product_name == 'Salary Saving Account') | (product_name == 'Personal Loan Account') | (product_name == 'Credit Card') | (product_name == 'Salary Account') | (product_name == 'Car Loan Account') | (product_name == 'Savings Account') | (product_name == 'Current Account')]", "dependent_column": ["product_name"]}",NULL,5,Transaction,27,"{"type": "PARTICULARS", "visible": "Y"}"
