table_id,table_name,tabledescription,dependency_level,lastupddate,countofrecords,type,table_parameters,status,related_tables
1,Persona,"Person table",0,03/25/2019,100,PERSONA,"{"master_seed": 1234}",Y,NULL
2,Person,"user table",1,03/25/2019,100,PARTICULARS,"{"master_seed": 1234}",Y,"{"size": 100, "table": "Persona"}"
3,Product,Account,1,03/25/2019,8,STATIC,"{"master_seed": 1234}",Y,NULL
4,Account,"Account table",2,03/25/2019,100,ACTIVITY,"{"master_seed": 1234}",Y,"{"size": 100, "table": "Person"}"
5,Transaction,"Transaction table",3,03/25/2019,100,ACTIVITY,"{"master_seed": 1234}",Y,"{"size": 100, "table": "Account"}"
