person_id,person_type,gender,age,income_type,minor_major,marital_status,employment_status,active,job_title                            ,salary   ,city              ,phone                 ,email_id                          ,forenames ,middlename,lastname
1        ,1          ,male  ,28 ,low        ,major      ,married       ,Y                ,Y     ,Admin Assistant                      ,74607.831,Lake Donna        ,9004324810            ,tiffanypotter@williams.info       ,Gregory   ,Jude      ,Mccullough
2        ,1          ,male  ,47 ,low        ,major      ,divorced      ,Y                ,Y     ,Mobile Hair Stylist without own salon,70312.726,New Sandrachester ,9935030251            ,patrick05@padilla-macias.org      ,Pope      ,Shane     ,Holloway
3        ,1          ,female,35 ,high       ,major      ,married       ,N                ,Y     ,Director- Small Building Firm        ,57781.269,West Elizabeth    ,(563)098-7919x05269   ,mcphersonanthony@yahoo.com        ,Foley     ,Ricardo   ,Pugh
4        ,1          ,female,54 ,medium     ,major      ,married       ,Y                ,N     ,Restaurant Chain Owner               ,79212.665,Port Claireport   ,001-051-050-3843x8217 ,valdezmichael@boone-collins.com   ,Cole      ,Clark     ,Randall
5        ,1          ,female,52 ,medium     ,major      ,married       ,Y                ,Y     ,Restaurant Chain Owner               ,71284.727,Lake Amytown      ,546-227-5401x36687    ,claudia62@hotmail.com             ,Huffman   ,Bud       ,Vazquez
6        ,1          ,male  ,16 ,low        ,minor      ,married       ,N                ,Y     ,Minor                                ,57714.806,Kristinmouth      ,1720655168            ,walshfrancisco@zimmerman.com      ,Melendez  ,Ghislaine ,Short
7        ,1          ,female,29 ,high       ,major      ,divorced      ,Y                ,Y     ,Software Developer                   ,55209.785,West Eric         ,(180)161-0577x59708   ,gravesnicole@yahoo.com            ,Valentine ,Margaretta,Castro
8        ,1          ,male  ,59 ,high       ,major      ,never_married ,N                ,Y     ,Experienced Architect                ,77065.069,Joshuahaven       ,001-219-578-6217x375  ,ssmith@dudley.net                 ,Parsons   ,Ronald    ,Blackwell
9        ,1          ,male  ,54 ,high       ,major      ,married       ,Y                ,N     ,Experienced Architect                ,66880.1  ,Port Samuelburgh  ,001-694-633-6964x4212 ,burchjonathon@sanchez-schwartz.org,Moore     ,Marty     ,Waller
10       ,1          ,female,53 ,low        ,major      ,married       ,Y                ,Y     ,Bank Employee                        ,51426.082,North Malik       ,(972)051-1211         ,davidsmith@hotmail.com            ,Knox      ,Alona     ,Contreras
11       ,1          ,female,35 ,medium     ,major      ,never_married ,Y                ,Y     ,Bank Employee                        ,64620.056,Austinmouth       ,742.867.0839x269      ,jeffery47@mcdonald.com            ,Morrow    ,Howard    ,Salinas
12       ,1          ,female,43 ,high       ,major      ,divorced      ,Y                ,Y     ,Restaurant Chain Owner               ,58759.83 ,Lake Lisa         ,070-910-7014x1462     ,kerrjennifer@hotmail.com          ,Hanson    ,Silas     ,Terry
13       ,1          ,female,42 ,medium     ,major      ,married       ,N                ,Y     ,Restaurant Chain Owner               ,60001.1  ,New Andrew        ,001-205-934-6666      ,cathybowman@sharp-carter.com      ,Bowers    ,Marhta    ,Rice
14       ,1          ,male  ,55 ,low        ,major      ,married       ,Y                ,Y     ,Bank Employee                        ,55540.088,Ballburgh         ,001-643-770-6104x26328,christopher78@gmail.com           ,Everett   ,Dionna    ,Bailey
15       ,1          ,female,33 ,low        ,major      ,married       ,Y                ,Y     ,Single Shop Owner                    ,71620.211,South Angela      ,(565)440-9523         ,sellersjanet@collins.com          ,Maldonado ,Chauncey  ,Decker
16       ,1          ,female,42 ,low        ,major      ,widowed       ,N                ,Y     ,Mobile Hair Stylist without own salon,60901.133,Lake Daniel       ,085.973.2534x5300     ,humphreyanthony@clayton-perez.com ,Glover    ,Scott     ,House
17       ,1          ,male  ,47 ,medium     ,major      ,never_married ,Y                ,N     ,Restaurant Chain Owner               ,66373.613,West Daniel       ,001-054-425-5768x731  ,jonesmichele@sawyer-rodriguez.com ,Benton    ,Jeni      ,Lindsey
18       ,1          ,male  ,17 ,low        ,minor      ,married       ,Y                ,Y     ,Minor                                ,72955.483,Lawsonburgh       ,001-974-497-3822x817  ,cdominguez@williams.biz           ,Scott     ,Antonia   ,Burton
19       ,1          ,female,50 ,low        ,major      ,never_married ,Y                ,Y     ,Mobile Hair Stylist without own salon,74258.925,Shannonview       ,161-774-9673x043      ,toddhenry@hotmail.com             ,Cline     ,Nicky     ,Farrell
20       ,1          ,male  ,53 ,medium     ,major      ,married       ,Y                ,Y     ,Restaurant Chain Owner               ,76681.242,South Courtneyport,001-518-339-7584x1657 ,crystalmendez@king.net            ,Andrews   ,Shane     ,Robbins
21       ,1          ,female,31 ,low        ,major      ,married       ,Y                ,Y     ,Single Shop Owner                    ,78115.721,Jameschester      ,481-465-6286x05317    ,alexander78@gmail.com             ,Molina    ,Ollie     ,Wood
22       ,1          ,male  ,46 ,medium     ,major      ,widowed       ,Y                ,Y     ,Restaurant Chain Owner               ,66071.948,Ryanmouth         ,8963411128            ,booneamber@hotmail.com            ,Fletcher  ,Avery     ,Ellis
23       ,1          ,female,15 ,medium     ,minor      ,married       ,Y                ,Y     ,Minor                                ,73040.318,Lake Johnland     ,001-759-450-9508x29286,coltonmartinez@johnson.com        ,Saunders  ,Derick    ,Hanson
24       ,1          ,male  ,32 ,medium     ,major      ,widowed       ,Y                ,Y     ,Bank Employee                        ,69916.739,New Jennifer      ,+1-525-426-1689x699   ,melissawhite@hotmail.com          ,Bolton    ,Lane      ,Mccarty
25       ,1          ,male  ,51 ,high       ,major      ,widowed       ,Y                ,Y     ,Experienced Architect                ,52894.354,South Ruben       ,682-267-9153x429      ,lisalewis@hotmail.com             ,Colon     ,Omar      ,Silva
26       ,1          ,male  ,47 ,low        ,major      ,married       ,Y                ,Y     ,Mobile Hair Stylist without own salon,58809.497,Lake Lydia        ,982-190-7217          ,gstout@gmail.com                  ,Soto      ,Youlanda  ,Nixon
27       ,1          ,male  ,30 ,high       ,major      ,widowed       ,Y                ,Y     ,Software Developer                   ,54540.593,Taylorhaven       ,(501)526-2492x5868    ,pamela72@gmail.com                ,Wilkerson ,Ashlea    ,Russo
28       ,1          ,male  ,52 ,medium     ,major      ,married       ,Y                ,Y     ,Restaurant Chain Owner               ,58943.051,East Karaton      ,001-545-128-3928x6793 ,wyattpatrick@yahoo.com            ,Conway    ,Nu        ,O'neill
29       ,1          ,male  ,38 ,high       ,major      ,married       ,Y                ,Y     ,Analyst in City Brokerage Farm       ,64564.832,West John         ,-6893                 ,danielle33@dixon-jacobs.com       ,Vaughan   ,Adelle    ,Harding
30       ,1          ,male  ,49 ,high       ,major      ,married       ,Y                ,Y     ,Restaurant Chain Owner               ,67075.153,Port Monica       ,3552656661            ,joyce20@juarez.com                ,Valenzuela,Remona    ,Willis
31       ,1          ,female,54 ,medium     ,major      ,married       ,Y                ,Y     ,Restaurant Chain Owner               ,66977.245,Lake Kellytown    ,902-812-1718          ,campbellbenjamin@gmail.com        ,Wells     ,Damion    ,Long
32       ,1          ,female,32 ,high       ,major      ,married       ,N                ,N     ,Director- Small Building Firm        ,58705.48 ,Jerrymouth        ,259-530-4654x994      ,jonathanramos@gmail.com           ,Montgomery,Elliott   ,Solomon
33       ,1          ,female,59 ,low        ,major      ,widowed       ,Y                ,Y     ,Bank Employee                        ,58510.318,Amberton          ,+1-757-228-3729x95426 ,alexanderlucero@acosta.com        ,Roberts   ,Shelton   ,Wallace
34       ,1          ,female,26 ,low        ,major      ,married       ,Y                ,Y     ,Admin Assistant                      ,59241.353,East Debra        ,786-479-3312          ,rachel98@baker.com                ,Miller    ,Adrian    ,Walker
35       ,1          ,male  ,59 ,medium     ,major      ,married       ,N                ,Y     ,Restaurant Chain Owner               ,58516.346,South Kimberly    ,836-152-8473          ,morsevanessa@schroeder-reyes.biz  ,Carter    ,Allen     ,Delaney
36       ,1          ,male  ,52 ,high       ,major      ,married       ,Y                ,Y     ,Experienced Architect                ,67496.606,Wardport          ,001-278-121-1664x75363,lorispencer@sanchez.biz           ,Wilson    ,Carmen    ,Prince
37       ,1          ,male  ,28 ,medium     ,major      ,married       ,Y                ,Y     ,Software Developer                   ,55342.187,North Sarah       ,001-941-590-7634x44764,vmartin@yahoo.com                 ,Villarreal,Stephane  ,Mcfarland
38       ,1          ,male  ,51 ,low        ,major      ,married       ,Y                ,Y     ,Bank Employee                        ,74711.112,Lake Austinfurt   ,284-456-1755x162      ,aodonnell@gmail.com               ,Cote      ,Sana      ,Sparks
39       ,1          ,male  ,38 ,low        ,major      ,married       ,Y                ,Y     ,Single Shop Owner                    ,61880.586,Coopershire       ,(143)241-5342x472     ,jennifer45@hotmail.com            ,Wooten    ,Curtis    ,House
40       ,1          ,male  ,50 ,medium     ,major      ,divorced      ,N                ,Y     ,Restaurant Chain Owner               ,77634.254,New Danielberg    ,(460)666-0894x966     ,morrisdarrell@curtis-jackson.com  ,Warner    ,Britt     ,Summers
41       ,1          ,female,20 ,medium     ,major      ,married       ,Y                ,Y     ,Student                              ,62312.76 ,Lake Ronaldmouth  ,(351)207-0312x799     ,rachel80@hotmail.com              ,Riddle    ,Jerold    ,Morrison
42       ,1          ,male  ,27 ,medium     ,major      ,married       ,Y                ,Y     ,Software Developer                   ,63246.287,Alvaradofurt      ,716-066-4128x048      ,pittmanjeffrey@perez.org          ,Keith     ,Clifton   ,Strickland
43       ,1          ,male  ,20 ,medium     ,major      ,widowed       ,Y                ,Y     ,Student                              ,50193.196,Cynthiaborough    ,+1-664-782-7513x75409 ,richard65@lloyd.org               ,Finch     ,Deeanna   ,Berry
44       ,1          ,female,48 ,low        ,major      ,married       ,Y                ,Y     ,Mobile Hair Stylist without own salon,65857.192,Kaylaborough      ,001-461-260-4486x28117,smithkimberly@morton.com          ,Yang      ,Azalee    ,Gonzales
45       ,1          ,female,40 ,medium     ,major      ,widowed       ,Y                ,Y     ,Bank Employee                        ,54380.834,Port Taylorville  ,(695)688-1625x29947   ,manuel23@johnson.com              ,Wilder    ,Cedric    ,Watkins
46       ,1          ,male  ,45 ,low        ,major      ,widowed       ,Y                ,N     ,Mobile Hair Stylist without own salon,78949.366,South Charles     ,658-596-1545x1332     ,brandon04@howard.com              ,Britt     ,Keenan    ,Chase
47       ,1          ,female,26 ,high       ,major      ,widowed       ,Y                ,Y     ,Software Developer                   ,60492.386,Amandafurt        ,6626021123            ,kyle87@gmail.com                  ,Crawford  ,Sergio    ,Case
48       ,1          ,male  ,47 ,low        ,major      ,widowed       ,Y                ,Y     ,Mobile Hair Stylist without own salon,75993.787,New Donna         ,+1-604-212-0483x8674  ,smithbrenda@wallace-nichols.com   ,Barber    ,Roberto   ,Baker
49       ,1          ,male  ,33 ,low        ,major      ,married       ,N                ,Y     ,Single Shop Owner                    ,51717.16 ,Bonniestad        ,996.103.7673x505      ,hammondjustin@gmail.com           ,Ellis     ,Katlyn    ,Branch
50       ,1          ,male  ,41 ,high       ,major      ,divorced      ,Y                ,Y     ,Restaurant Chain Owner               ,68091.845,Port Aimeeburgh   ,181.132.4308x7405     ,floresrandall@barnett-mcdowell.biz,Beck      ,Duane     ,Sears
51       ,1          ,male  ,29 ,medium     ,major      ,married       ,N                ,Y     ,Software Developer                   ,63250.522,Courtneyborough   ,+1-756-455-6671x66231 ,anitalevy@jones.org               ,Miranda   ,Rupert    ,Fitzpatrick
52       ,1          ,female,42 ,low        ,major      ,married       ,N                ,Y     ,Mobile Hair Stylist without own salon,63723.95 ,New David         ,252-254-0588x423      ,ycaldwell@yahoo.com               ,Bauer     ,Rufus     ,Cervantes
53       ,1          ,female,44 ,high       ,major      ,divorced      ,Y                ,Y     ,Restaurant Chain Owner               ,55741.772,Toddborough       ,-4179                 ,qrosario@aguilar.com              ,Sanford   ,Elenora   ,Woodard
54       ,1          ,female,15 ,high       ,minor      ,widowed       ,Y                ,N     ,Minor                                ,56415.792,Kevinbury         ,733.103.1669x471      ,smithlisa@meadows.com             ,Porter    ,Rex       ,Wolf
55       ,1          ,male  ,46 ,low        ,major      ,widowed       ,Y                ,Y     ,Mobile Hair Stylist without own salon,67645.282,East Derekville   ,2509802283            ,ldonovan@foster.org               ,Stanley   ,Lou       ,Blake
56       ,1          ,male  ,55 ,medium     ,major      ,married       ,Y                ,Y     ,Restaurant Chain Owner               ,61435.83 ,Marciatown        ,125-806-1061          ,freid@parks.biz                   ,Marsh     ,Victorina ,Cabrera
57       ,1          ,female,58 ,low        ,major      ,married       ,Y                ,Y     ,Bank Employee                        ,58852.5  ,West Michaelbury  ,-7547                 ,hodgejennifer@hotmail.com         ,Finch     ,Laronda   ,Coleman
58       ,1          ,male  ,54 ,medium     ,major      ,widowed       ,Y                ,Y     ,Restaurant Chain Owner               ,69198.228,Arianaborough     ,880.058.5489x31423    ,william92@chapman.com             ,Fischer   ,Cheryll   ,Valdez
59       ,1          ,female,56 ,high       ,major      ,widowed       ,Y                ,Y     ,Experienced Architect                ,79942.617,Jeffreyburgh      ,635-751-1664x25111    ,devon98@hotmail.com               ,Schroeder ,Wilmer    ,Sanders
60       ,1          ,female,52 ,low        ,major      ,married       ,Y                ,Y     ,Bank Employee                        ,79833.682,Smithberg         ,+1-874-622-0264x433   ,fordpatricia@ross-porter.biz      ,Lindsey   ,Colby     ,Chambers
61       ,1          ,female,20 ,low        ,major      ,separated     ,Y                ,Y     ,Student                              ,79330.882,Sharpview         ,(159)852-3888x8314    ,bonnierobbins@kim.com             ,Gibbs     ,Levi      ,Bates
62       ,1          ,female,46 ,medium     ,major      ,married       ,Y                ,Y     ,Restaurant Chain Owner               ,70810.862,North Jamiefort   ,010-247-8839          ,hthomas@johnson.com               ,Harris    ,Curtis    ,Nicholson
63       ,1          ,female,32 ,low        ,major      ,widowed       ,Y                ,Y     ,Single Shop Owner                    ,63470.144,North Jasonside   ,+1-154-758-1693x741   ,timothywerner@yahoo.com           ,Montoya   ,Bud       ,Cross
64       ,1          ,female,28 ,medium     ,major      ,married       ,Y                ,Y     ,Software Developer                   ,66637.975,Tonytown          ,001-950-124-2830x6267 ,benjamin52@white.info             ,Butler    ,Chad      ,Snyder
65       ,1          ,male  ,39 ,high       ,major      ,widowed       ,Y                ,Y     ,Analyst in City Brokerage Farm       ,59735.482,Lake Stephanieport,-7660                 ,joshuagilbert@holland.com         ,Jacobs    ,Halley    ,Castillo
66       ,1          ,male  ,15 ,medium     ,minor      ,married       ,Y                ,Y     ,Minor                                ,60227.763,Millermouth       ,699.520.6190          ,karen28@barker-lutz.com           ,Gross     ,Ethelene  ,Vaughan
67       ,1          ,male  ,39 ,low        ,major      ,divorced      ,Y                ,Y     ,Single Shop Owner                    ,63647.704,Troyberg          ,(165)652-6154x103     ,mullinsjason@martin.biz           ,Lang      ,Whitney   ,Roman
68       ,1          ,male  ,51 ,low        ,major      ,married       ,N                ,Y     ,Bank Employee                        ,59192.439,South Brucefurt   ,482-915-2062x74665    ,swalker@sellers.net               ,Mccormick ,Horace    ,Ware
69       ,1          ,female,28 ,medium     ,major      ,widowed       ,Y                ,Y     ,Software Developer                   ,71291.474,Rachelberg        ,001-611-603-8154      ,dorishull@gmail.com               ,House     ,Mardell   ,Brennan
70       ,1          ,female,28 ,medium     ,major      ,married       ,Y                ,N     ,Software Developer                   ,73420.704,Dawnmouth         ,+1-193-336-8223x66344 ,lhernandez@underwood.com          ,Fuentes   ,Ron       ,Hinton
71       ,1          ,male  ,51 ,medium     ,major      ,married       ,Y                ,Y     ,Restaurant Chain Owner               ,70255.231,Seanton           ,001-279-310-2056x1697 ,ggibson@mendoza-galvan.info       ,Lambert   ,Man       ,Stout
72       ,1          ,male  ,42 ,medium     ,major      ,married       ,Y                ,N     ,Restaurant Chain Owner               ,79548.798,Dianabury         ,813-951-7162          ,williamsabigail@gmail.com         ,Mueller   ,Rolando   ,French
73       ,1          ,male  ,32 ,high       ,major      ,married       ,Y                ,Y     ,Analyst in City Brokerage Farm       ,79367.387,Jonathanport      ,450-618-7021x890      ,urangel@yahoo.com                 ,Huber     ,Delmar    ,Guy
74       ,1          ,male  ,19 ,high       ,major      ,divorced      ,Y                ,Y     ,Student                              ,53586.92 ,West Madison      ,+1-134-327-5060x25486 ,catherine56@greene.info           ,Bartlett  ,Obdulia   ,Macias
75       ,1          ,male  ,13 ,low        ,minor      ,married       ,Y                ,Y     ,Minor                                ,63552.205,West Kathleenhaven,954-492-9227          ,martinezlori@mcbride.com          ,James     ,Misha     ,Graham
76       ,1          ,female,52 ,high       ,major      ,widowed       ,Y                ,N     ,Experienced Architect                ,78942.815,Carolinetown      ,001-214-709-5969      ,lauralutz@campos-wood.biz         ,Fletcher  ,Henry     ,Hudson
77       ,1          ,female,38 ,low        ,major      ,widowed       ,Y                ,Y     ,Single Shop Owner                    ,58522.019,Lake Alexanderstad,-5814                 ,lewisthomas@gmail.com             ,Sargent   ,Darron    ,Lowe
78       ,1          ,male  ,41 ,high       ,major      ,widowed       ,Y                ,Y     ,Restaurant Chain Owner               ,65451.574,Port Jodi         ,898-451-0554          ,richard14@rodriguez-fitzgerald.biz,Hays      ,Nestor    ,Donovan
79       ,1          ,male  ,19 ,low        ,major      ,married       ,Y                ,Y     ,Student                              ,62802.766,Karenhaven        ,(986)739-4380x1312    ,dillonedwards@kim.com             ,Griffin   ,Lurlene   ,Peters
80       ,1          ,male  ,32 ,high       ,major      ,married       ,Y                ,Y     ,Analyst in City Brokerage Farm       ,54957.776,Wilsonborough     ,(165)042-6562         ,nmason@hotmail.com                ,Pena      ,Sergio    ,Hoover
81       ,1          ,male  ,36 ,medium     ,major      ,married       ,Y                ,Y     ,Bank Employee                        ,52618.943,South Shawn       ,705-846-1093x6291     ,mitchelltroy@warner-brown.net     ,Espinoza  ,Lezlie    ,Atkinson
82       ,1          ,male  ,40 ,high       ,major      ,widowed       ,Y                ,Y     ,Analyst in City Brokerage Farm       ,76562.772,Greenburgh        ,001-280-997-1943x57456,jenniferscott@palmer.com          ,Salazar   ,Shane     ,Rowland
83       ,1          ,male  ,54 ,medium     ,major      ,divorced      ,Y                ,Y     ,Restaurant Chain Owner               ,63487.16 ,New Matthewfort   ,940-104-9227x03258    ,weaverthomas@robinson.com         ,Reynolds  ,Antoine   ,Pittman
84       ,1          ,female,49 ,low        ,major      ,divorced      ,Y                ,Y     ,Mobile Hair Stylist without own salon,72924.767,East Christina    ,2214463242            ,gjohnson@hotmail.com              ,Head      ,Valery    ,Puckett
85       ,1          ,male  ,58 ,medium     ,major      ,divorced      ,Y                ,Y     ,Restaurant Chain Owner               ,70966.128,North Natalie     ,269-159-1973          ,mwalters@yahoo.com                ,Weaver    ,Doretta   ,Mccullough
86       ,1          ,female,22 ,low        ,major      ,married       ,Y                ,Y     ,Student                              ,51727.87 ,Whitehaven        ,609-920-9265          ,jared36@jones-bowman.com          ,Church    ,Jefferson ,Berger
87       ,1          ,male  ,56 ,low        ,major      ,divorced      ,Y                ,Y     ,Bank Employee                        ,75558.316,New Bryan         ,001-890-076-2614x76447,johnwalsh@gmail.com               ,Barron    ,Malcolm   ,Riddle
88       ,1          ,female,53 ,high       ,major      ,divorced      ,Y                ,Y     ,Experienced Architect                ,75184.396,Cherylshire       ,937.466.6216          ,christopherryan@gmail.com         ,Barrera   ,Jerrod    ,Massey
89       ,1          ,male  ,46 ,medium     ,major      ,widowed       ,Y                ,Y     ,Restaurant Chain Owner               ,56056.597,West Elizabethview,+1-670-096-3454x008   ,justinblack@hotmail.com           ,Wilkinson ,Anjelica  ,Jones
90       ,1          ,female,36 ,high       ,major      ,divorced      ,Y                ,Y     ,Director- Small Building Firm        ,79311.979,Ramseyton         ,866.165.4284          ,camposkristin@gmail.com           ,Contreras ,Hsiu      ,Zamora
91       ,1          ,male  ,27 ,medium     ,major      ,married       ,Y                ,Y     ,Software Developer                   ,70382.382,Williamstown      ,001-542-704-1474      ,johnsonkim@yahoo.com              ,Riley     ,Emanuel   ,Richardson
92       ,1          ,male  ,46 ,low        ,major      ,married       ,N                ,Y     ,Mobile Hair Stylist without own salon,57137.144,New Susanville    ,+1-411-432-6322x9478  ,nathan68@hayes.info               ,Frye      ,Michel    ,Gentry
93       ,1          ,female,45 ,high       ,major      ,never_married ,Y                ,Y     ,Restaurant Chain Owner               ,75495.818,Gonzalezview      ,001-807-530-4142x1426 ,cristina75@yahoo.com              ,Mcintyre  ,Tad       ,Duncan
94       ,1          ,male  ,59 ,low        ,major      ,divorced      ,N                ,Y     ,Bank Employee                        ,72869.612,Jamesfort         ,+1-654-535-2597x833   ,shanedavis@hotmail.com            ,Lott      ,Christia  ,Chang
95       ,1          ,female,37 ,medium     ,major      ,never_married ,Y                ,Y     ,Bank Employee                        ,72042.207,Suttonton         ,001.092.2583x1341     ,angelalittle@hall-johnson.com     ,Eaton     ,Dong      ,Welch
96       ,1          ,male  ,42 ,high       ,major      ,separated     ,N                ,Y     ,Restaurant Chain Owner               ,54651.06 ,Mitchellfort      ,+1-593-286-6413x8414  ,elizabethmorales@yahoo.com        ,Gonzalez  ,Todd      ,Daniel
97       ,1          ,female,47 ,medium     ,major      ,married       ,Y                ,Y     ,Restaurant Chain Owner               ,55213.297,Vargashaven       ,7255023263            ,medwards@gonzalez.com             ,Carrillo  ,Jed       ,Moreno
98       ,1          ,male  ,57 ,high       ,major      ,never_married ,Y                ,Y     ,Experienced Architect                ,67017.241,North Rhondaburgh ,(321)222-4299         ,john91@valenzuela.com             ,Owens     ,Dorine    ,Wall
99       ,1          ,male  ,15 ,low        ,minor      ,widowed       ,Y                ,Y     ,Minor                                ,69919.492,Dawnside          ,(511)288-5813x58271   ,jmullen@norman.com                ,Doyle     ,Ammie     ,Barnett
100      ,1          ,female,44 ,high       ,major      ,divorced      ,Y                ,Y     ,Restaurant Chain Owner               ,64868.638,Cynthiaside       ,398.935.0024x82687    ,bmccarthy@hunter.net              ,Miles     ,Tamesha   ,Lindsay
